INTL ABM WITHDRAWA,travel
ESSO,auto
PARKING,auto
SHELL,auto
PETROCAN,auto
MR. LUBE,auto
MR LUBE,auto
FUELCO,auto
SECOND CUP,breakfastCoffee
Point of Sale - INTERAC RETAIL PURCHASE 000001001835 CONGEE CHAN,breakfastCoffee
COFFEE,breakfastCoffee
CAFE,breakfastCoffee
STARBUCKS,breakfastCoffee
AROMA,breakfastCoffee
TIM'S,breakfastCoffee
TEAVANA,breakfastCoffee
DONATION,charity
CHARITY,charity
LA SENZA,clothing
GAP,clothing
winnershomesense 36803 vaughan,shopping
winners/homesen,shopping
WINNERS,clothing
HARRY ROSEN,clothing
CALVIN KLEIN,clothing
VAN HEUSEN,clothing
ZARA,clothing
AMERICAN APPAREL,clothing
THE BAY,clothing
PHARMACY,dr
DENTAL,dr
BOOKSTORE,education
INDIGO,education
IVEY BUSINESS,education
UW REGISTRAR,education
FAMOUS PLAYER,entertainment
THEATRES,entertainment
CINEPLEX,entertainment
WONDERLAND,entertainment
GO KARTS,entertainment
SHAWARMA,fastfood
MCDONALD'S #40568 TORONTO,breakfastCoffee
MCDONAL,fastfood
PITA,fastfood
MR SUB,fastfood
BURRITO,fastfood
WENDY,fastfood
SUBWAY,fastfood
QUIZNOS,fastfood
POPEYE'S,fastfood
JIMMY THE GREEK,fastfood
PIZZA,fastfood
BURGER,fastfood
YOGEN FRUZ,fastfood
A&W,fastfood
PAPA JOHN,fastfood
MR. SUB,fastfood
PIZZA,fastfood
A & W,fastfood
FOOD TRUCK,fastfood
WINGS,fastfood
HARVEY,fastfood
PIZZERIA,fastfood
EPI D'OR DELMAS,fastfood
LITTLE CAESARS,fastfood
SUPERMARKET,grocery
SUPER ARZON,grocery
INSTANT TELLER DEPOSIT LOBLAWS,deposit
INSTANT TELLER WITHDRAWAL LOBLAWS,cash
LOBLAW,grocery
COPPA'S,grocery
MEATS,grocery
BEER,grocery
GROCERY,grocery
LONGO'S,grocery
BIG STAR MARKET,grocery
ONE STOP MARKET,grocery
H-MART,grocery
GROCERS,grocery
BULK BARN,grocery
HORSESHOE,entertainment
SPORT CHEK,health
JUICE,health
FRESHII,health
FRESHLY SQUEEZED,health
HOME DEPOT,homeExpense
BUSINESS DEPOT,shopping
SQUARE ONE INSURANCE,homeInsurance
IKEA,homeExpense
BED BATH & BEYOND,homeExpense
SERVICEONTARIO,misc
CITY OF TORONTO-COURT,misc
GODADDY,onlineShop
AMZN.COM,onlineShop
SOUNDCLOUD,onlineShop
ITUNES,onlineShop
Amazon,onlineShop
PAYPAL,onlineShop
BEATPORT,onlineShop
WWW.ALIEXPRESS.COM,onlineShop
HAIR STUDIO,personal
PETSMART,pets
VETERINARY,pets
LCBO,pub
PUBS,pub
RESTAURA,restaurant
KELSEY'S,restaurant
PANERA BREAD,restaurant
BISTRO,restaurant
MONTANA,restaurant
SUSHI,restaurant
RITUAL,restaurant
TERIYAKI,restaurant
BISTRO,restaurant
GRILL,restaurant
SANDWICH,restaurant
JAPANESE,restaurant
THAI,restaurant
KABAB,restaurant
RESTAURAN,restaurant
KEBAB,restaurant
FISH HOUSE,restaurant
HALAL,restaurant
PARAMOUNT,restaurant
JACK ASTOR,restaurant
SPRING ROLLS,restaurant
VILLA MADINA,restaurant
MR GREEK,restaurant
ME VA ME,restaurant
EAST SIDE MARIOS,restaurant
DENNY'S,restaurant
RISTORANTE,restaurant
BNS MTGE DEPARTMENT,mortgage
VIETNAMESE,restaurant
RESTURANT,restaurant
LONG & MCQUADE,shopping
CDN TIRE GASBAR,auto
CDN TIRE,shopping
WAL-MART,grocery
SHOPPERS,shopping
FUTURE SHOP,shopping
HALLMARK,shopping
DUTY FREE,shopping
METRO,grocery
PHARMA PLUS,shopping
COSTCO,shopping
NIKE,shopping
CANADA COMPUTERS,shopping
DOLLAR TREE,shopping
MACS,shopping
TARGET CANADA,shopping
7-ELEVEN,shopping
DRUG MART,shopping
TOYS R US,shopping
TOYSRUS,shopping
BEST BUY,shopping
THE SOURCE ,shopping
WALMART,shopping
PAYMENT THANK YOU,transfer
PRESTO,transportation
UBER,transportation
YORK REGION TRA,transportation
GREYHOUND,transportation
Uber,transportation
TAXI,transportation
Enterprise,transportation
VIA RAIL,transportation
AIR CANADA,travel
AIRLINES,travel
HOTEL,travel
TRAVEL,travel
EXPEDIA,travel
TIKET,travel
TICKET,travel
RAILWAY,travel
AIRPORT,travel
MARRIOTT,travel
HOSTEL WORLD,travel
USAIRWAYS,travel
HOSTEL,travel
FIDO,utility
ROGERS,utility
INTERNET TRANSFER,transfer
DEPOSIT IBB,deposit
SAFETY DEPOSIT BOX,fee
CHEQUE,cheque
LONDON HYDRO,utility
NATIONAL STUDENT LOANS,loan
NOFRILLS,grocery
PAY DTCG DELOITTE INC.,income
E-TRANSFER,eTransfer
QUESTRADE,investment
DEPOSIT Google Inc.,google
EQUITABLE BANK,investment
Deloitte Management,expensing
NSLSC,loan
OSAP,loan
KHORAK,grocery
BOOKMARK,education
INVESTORS GROUP,investment
PETRO,auto
FRESHLY SQUEEZE,health
Transaction SERVICE CHARGE,fee
CANADIAN TIRE,shopping
DOLLARAMA,shopping
DEPOSIT CANADA,tax
CREDIT MEMO CANADA,loan
GREYHND,travel
CREDIT MEMO ON STUDENT LOAN,loan
TIM HORTON,breakfastCoffee
ZENBANX,cheque
BARAKAT,restaurant
Transfer DEPOSIT Tangerine,eTransfer
LOWE'S,homeExpense
Western Union,eTransfer
VIRTUAL BR,investment
PEMBRIDGE INSURANCE COMPANY,autoInsurance
RBC LOAN PYMT,loan
TRANSACTION FEE,fee
BAYVIEW FOODMAR,grocery
Banking Machine CORRECTION,deposit
SEASONS FOOD,grocery
YUMMI,restaurant
TEHRAN SUPERMAR,grocery
Branch Transaction CREDIT MEMO,fee
Internet Banking {{1550}},rentalIncome
Branch Transaction RETURNED CHEQUE {{-1550}},rentalIncome
Internet Banking {{1570}},rentalIncome
INSTANT TELLER DEPOSIT JANE{{1550}},rentalIncome
Internet Banking {{1598}},rentalIncome
INTERNET DEPOSIT,deposit
MEMO - TRANSFER,fee
MANCHU WOK,restaurant
SMOKE'S POUTINE,fastfood
CREDIT MEMO CIBC-DISAR,transfer
Branch Transaction WITHDRAWAL,cash
Internet Banking  00000,transfer
interest,fee
Interest,fee
onlineINTEREST,fee
ENBRIDGE,utility
POWERSTREAM,utility
Orchid Florist,eTransfer
Wedding dress,eTransfer
DJ Borhan,eTransfer
Shervin Rismani,eTransfer
Mina Fadavi,eTransfer
Joseph Hadjibaba,eTransfer
Inter-Branch Banking,deposit
Internet Banking hedieh,eTransfer
CHEAPOAIR.CA,travel
AIR CHINA,travel
APPLE STORE,shopping
REEBOK STORE,clothing
CHERRYHILL FAMILY DENT,dr
TEA ROOM,breakfastCoffee
BAR&GRI,pub
ALL LIFE IN,lifeInsurance
HUSKY CLARKE,auto
INSTANT TELLER DEPOSIT,deposit
INSTANT TELLER WITHDRAWAL,cash
CLARKE BASEMENT SYSTEMS,homeExpense
ISLAND FOODS,restaurant
MAPLE MAZDA,autoLease
SONNET INSURANCE,autoInsurance
SAKS FIFTH AVENUE,clothing
3 BREWERS,pub
SOCIETE D'ASSURANCE,lifeInsurance
CC-QUEEN,personal
CC QUEEN,personal
BNS DEALER LEASE ADMIN,autoLease
SEPHORA,shopping
TACO BELL,fastfood
KEFIRAN INC,health
AQUARIUM SERVICES,pets
CAMPUS BUBBLE FEDS,restaurant
CREPE IT UP,restaurant
PETS,pets
NATIONS FRESH,grocery
RUTHERFORD RD&HWY 400 ANI VAUGHAN,pets
CONQUER CANCER,charity
UNITED AIR,travel
USD @,travel
AVIANCA,travel
FLIGHTNETWORK,travel
COP @,travel
PLAYSTATION NETWORK,entertainment
WALK N COMFORT,health
BED BATH AND BEYOND,homeExpense
TOYS 'R' US,shopping
PET VALU,pets
CC-KING,personal
SHOE WAREHOUSE,clothing
SHOESOURCE,clothing
LINGERIE,clothing
FOOT LOCKER,clothing
LIBERTY COMMONS,pub
CDLSI,autoLease
DEPOSIT SUNLIFE MED,expensing
FOOTACTION,clothing
MTO RUS- SO,auto
CAR PARK,auto
HOOTERS,restaurant
LOWES ,homeExpense
LEE VALLEY,homeExpense
INTUIT CANADA ,misc
CACTUS CLUB,pub
DRUXY'S,fastfood
HUDSON'S BAY,clothing
H & M,clothing
Internet Banking 000000,transfer
CHIPOTLE,fastfood
BUSTERS SEA COVE,restaurant
DASHVAPES,personal
HOLY CHUCK,fastfood
REXALL,health
ME-VA-ME,restaurant
JEWELLERS,shopping
MICHAELS,shopping
HEAVENLY DELIGHTS,restaurant
EXPRESS TO GO,restaurant
SIX PENNY VARIETY,shopping
SEEWHY LEARNING,education
NOAH'S NATUTRAL FOODS,grocery
CAMPECHANO,restaurant
5 DRIVE-IN,entertainment
THE CAPTAIN`S BOIL,restaurant
Spotify,onlineShop
THE GREEN CURRY,fastfood
UDEMY.COM,education
SOBEYS,grocery
BABA GEDDO,restaurant
A BUCK OR TWO,shopping
BEAUTY SALON,personal
CHAPTERS,shopping
ONTARIO REAL ESTATE ASSOC,education
GYRO,fastfood
SOUVLAKI,fastfood
MILESTONES,restaurant
7 ELEVEN,grocery
GO STN,transportation
BARSA TABERNA,restaurant
ICHIBAN,restaurant
PARTY CITY,shopping
J CREW,clothing
BR FACTORY,clothing
FORTINO,grocery
JO FASHIONS,clothing
ULTRAMAR,auto
CRA,tax
KYOTO HOUSE,restaurant
B & T FOOD CENT,grocery
SCADDABUSH,restaurant
THE PINT,pub
GREEN P,auto
OPTOMETRI,dr
SERVICE CANADA,auto
BREAKFAST,restaurant
KABOB,fastfood
TRAPPED,entertainment
BATH AND BODY,shopping
FUSIA ASIAN,fastfood
EVERLASTING NAI,personal
FOOD CENTRE,grocery
"FOREVER PRINT THORNHILL, ON",personal
BUCK OR TWO,shopping
TIGERDIRECT,shopping
ANIMAL,pets
HUSKY,auto
JPY @,travel
HKD @,travel
CITY OF VAUGHAN,homeExpense
EUR @,travel
SHEHERZADE,restaurant
WOW AIR,travel
GO TRANSIT,transportation
Deloitte Inc.,expensing
NO FRILLS,grocery
Electronic Funds Transfer DEPOSIT Google LLC,google
TINH TAM TRAI,restaurant
HAIRSTYLING,personal
SURASANG,fastfood
HOT STAR,fastfood
ISK @,travel
GBP @,travel
CHOCOLATIER,shopping
URBAN PLANET,clothing
CHATIME,breakfastCoffee
BYBLOS,restaurant
IMPARK,auto
TEXTILES,shopping
ATM WITHDRAWAL,cash
PORTER AIR,travel
POKE BAR,restaurant
MILLER TAVERN,pub
WILLIAMS LANDING,restaurant
RONA,homeExpense
THE CHILDRENS PLACE,kids
PHO MI VIET THA,restaurant
ANA PASTRY,grocery
CONVENIENCE,shopping
MAROUF TOCHAL,entertainment
TREB,misc
AIRCANADA.COM,travel
LA VIE EN ROSE,shopping
REAL ESTATE COUNCIL,misc
VISTAPRINT.CA,misc
OLD NAVY,shopping